State,State Code,Capital,Area,District Count,Total Population,Male Population,Female Population,Rural Population,Urban Population,Population Density,Sex Ratio,Child Sex Ratio,Population Growth,Households,Average Household Size,Children (0-6),Working Age Population,Senior Citizens,Overall Literacy,Male Literacy,Female Literacy,Primary Schools,Secondary Schools,Colleges,Universities,Main Workers,Marginal Workers,Total Workers,Worker Participation Rate,Cultivators,Agricultural Labourers,Other Workers,Electricity,Tap Water,Toilet,LPG,Cooking Fuel,Internet,Computer,Television,Telephone,Vehicle Ownership,Concrete Roof,Pucca House,SC Population,ST Population,SC %,ST %,Hindu %,Muslim %,Christian %,Sikh %,Buddhist %,Jain %,Other Religions %,Top Language,Second Language,Third Language,Total Migrants,Male Migrants,Female Migrants,Road Length,Railway Stations,Airports,Hospitals,Hospital Beds,Doctors,Primary Health Centres,Forest Cover,Tree Cover,Rainfall,Average Temperature,Water Bodies,Lok Sabha Seats,Rajya Sabha Seats,Municipal Corporations,Mobile Subscribers,Internet Subscribers,Broadband Subscribers,Bank Branches,ATMs,Crime Rate,Cyber Crime,Crimes Against Women,Per Capita Income,Gross State Domestic Product,Tourist Arrivals,National Parks,Wildlife Sanctuaries,UNESCO Sites,Urbanization Rate,Male %,Female %,Dependency Ratio,Population per District,Households per District,Population per Hospital,Population per Doctor,Population per School,Population per College,Population per University,Road Density,Forest %,Literacy Gap,Worker %,Agriculture %,Internet Penetration,Electricity Coverage,Toilet Coverage,LPG Coverage,Vehicle Ownership Rate,Population Growth %,Population Density Category,Urban/Rural Ratio,Buddhist Count,Christian Count,Hindu Count,Illiterate Total,Jain Count,Literate Total,Muslim Count,Non Workers,Number of towns,Number of villages,Other Religions Count,Sikh Count
Jammu and Kashmir,01,,222236,17.0,12541302,6640662,5900640,9108060.0,3433242.0,56.43236019366799,888.5620138474146,1000.0,,2119718,5.916495496099009,2018905.0,7362817.0,913174.0,0.5635166906912855,,,,,,,5288298,953994,6242292,0.49773875152675534,72242,319038.0,126512,,0.6394018524253036,0.5165824023566217,,,,,,,,,,,,,,0.284394235941372,0.6831415908810744,0.0028410925755555524,0.01872596641082401,0.00897705836283984,0.0001985439789265899,0.00012024269888405526,,,,,,,,,,,,,,,,,,,,,,,,,,,,,,,,,,,,0.2737548302401138,0.5295033960588781,0.4704966039411219,0.3982278793565017,737723.6470588235,124689.29411764706,,,,,,,,,0.49773875152675534,0.06268210458594375,,,0.5165824023566217,,,,Very Low,0.3769454746674923,112584,35631,3566674,72212,2490,7067233,8567485,16437178,122,6337,1508,234848
Himachal Pradesh,02,,55673,24.0,6864602,3481873,3382729,6176050.0,688552.0,123.30217520162377,971.5256702355313,1000.0,,1483280,4.627987972601262,777898.0,4376045.0,699490.0,0.7341628837330991,,,,,,,4125002,943722,5068724,0.7383857068479717,32760,137336.0,55306,,0.8949444696904538,0.31908577991996373,,,,,,,,,,,,,,0.9516596883548384,0.021833895104188122,0.0018422043987400872,0.011638839367526332,0.011458639554048435,0.0002629431393109171,0.00012469768822722716,,,,,,,,,,,,,,,,,,,,,,,,,,,,,,,,,,,,0.10030472269186182,0.5072213946271029,0.4927786053728971,0.3376080456211031,286025.0833333333,61803.333333333336,,,,,,,,,0.7383857068479717,0.03355795265238352,,,0.31908577991996373,,,,Low,0.11148743938277701,78659,12646,6532765,53892,1805,5039736,149881,6610360,59,17882,856,79896
Punjab,03,,50362,24.0,27743338,14639465,13103873,17344192.0,10399146.0,550.8784003812398,895.1060028491479,1000.0,,5513071,5.032283821485339,3076219.0,17751049.0,2846776.0,0.6742929419668247,,,,,,,16901872,592022,17493894,0.6305619749144822,176640,2336042.0,179318,,0.5098455570263706,0.21848627807203322,,,,,,,,,,,,,,0.3848901671457126,0.019301534660320974,0.012551842175588244,0.5768863862019775,0.0011980173402349782,0.0016234528087427692,0.00039238248836531497,,,,,,,,,,,,,,,,,,,,,,,,,,,,,,,,,,,,0.3748339871719834,0.5276749683113113,0.47232503168868867,0.3336701397196301,1155972.4166666667,229711.29166666666,,,,,,,,,0.6305619749144822,0.14363194380850827,,,0.21848627807203322,,,,High,0.5995751200171215,33237,348230,10678138,283206,45040,18707137,535489,35691952,217,12168,10886,16004754
Chandigarh,04,,114,24.0,1055450,580663,474787,28991.0,1026459.0,9258.333333333334,817.6636017793454,1000.0,,241173,4.376319073859843,119434.0,721514.0,66825.0,0.7631228385996495,,,,,,,771858,6038,777896,0.7370278080439623,6060,2792.0,2240,,0.967212766047962,0.12562696491549002,,,,,,,,,,,,,,0.807782462456772,0.0487441375716519,0.008261878819460894,0.13106163247903738,0.0010990572741484675,0.0018570278080439623,0.00023307593917286465,,,,,,,,,,,,,,,,,,,,,,,,,,,,,,,,,,,,0.9725320953147947,0.5501568051541996,0.4498431948458004,0.2581502230032958,43977.083333333336,10048.875,,,,,,,,,0.7370278080439623,0.011379413186338533,,,0.12562696491549002,,,,Very High,35.406126039115584,1160,8720,852574,8286,1960,805438,51447,1302628,6,5,246,138329
Uttarakhand,05,,53483,24.0,10086292,5137773,4948519,7036954.0,3049338.0,188.58874782641212,963.1641958490576,1000.0,,2056975,4.903458719721922,1355814.0,6039867.0,894639.0,0.6822083873835896,,,,,,,5741248,489622,6230870,0.6177562577010461,25108,494512.0,158586,,0.6822181317811912,0.37101290491861066,,,,,,,,,,,,,,0.82970391894266,0.13947890860189255,0.003745776941615412,0.023431802291664767,0.001479830248816909,0.0009104436000861367,9.845045136508045e-05,,,,,,,,,,,,,,,,,,,,,,,,,,,,,,,,,,,,0.3023249773058325,0.5093817430627628,0.4906182569372372,0.37259976088877456,420262.1666666667,85707.29166666667,,,,,,,,,0.6177562577010461,0.0833944537440197,,,0.37101290491861066,,,,Low,0.4333320922660572,14926,37781,8368636,71174,9183,6880953,1406825,12428034,115,15745,993,236340
Haryana,06,,44212,24.0,25351462,13494734,11856728,16509359.0,8842103.0,573.4068126300552,878.6188745921186,1000.0,,4857524,5.219009108344086,3380721.0,15596219.0,2183225.0,0.6547546646422207,,,,,,,14030566,781398,14811964,0.5842646865888839,69252,1782546.0,183256,,0.6879098439705008,0.33901793022992593,,,,,,,,,,,,,,0.8745502724852713,0.07026584896760589,0.0019861970879628166,0.049060365828211404,0.00029639316265073787,0.0020753438204076753,0.00010050702401305297,,,,,,,,,,,,,,,,,,,,,,,,,,,,,,,,,,,,0.3487807922083547,0.5323059474834232,0.46769405251657675,0.3567496711863305,1056310.9166666667,202396.83333333334,,,,,,,,,0.5842646865888839,0.1250204226799363,,,0.33901793022992593,,,,High,0.5355812421306,7514,50353,22171128,127022,52613,16598988,1781342,32869908,154,6642,2548,1243752
Delhi,07,,1483,24.0,16787941,8987326,7800615,419042.0,16368899.0,11320.256911665543,867.9572767250237,1000.0,,3435999,4.885898104161265,2012454.0,11058475.0,1143507.0,0.7587450420513153,,,,,,,5127290,463094,5590384,0.333,71770,62948.0,241456,,0.8132800764427766,0.10787124708654713,,,,,,,,,,,,,,0.8167827132582847,0.12858539352741352,0.008702258365096709,0.03398755094505038,0.0010989435809906647,0.009901809876505999,0.00013086774608035614,,,,,,,,,,,,,,,,,,,,,,,,,,,,,,,,,,,,0.975039106939916,0.5353441497084127,0.4646558502915873,0.2853884464177927,699497.5416666666,143166.625,,,,,,,,,0.6375765795221701,0.012586235021158305,,,0.10787124708654713,,,,Very High,39.062669135790685,18449,146093,13712100,124970,166231,12737767,2158684,22401784,113,103,2197,570581
Rajasthan,08,,342239,24.0,68548437,35550997,32997440,51500352.0,17048085.0,200.29405473952414,928.1720003520576,1000.0,,12711146,5.392781815266696,10649504.0,39441271.0,5091519.0,0.558368413272501,,,,,,,42115936,3626074,45742010,0.667294718915327,160292,4390608.0,1090648,,0.40583054076354413,0.6744618582033991,,,,,,,,,,,,,,0.8848794466312923,0.09067131610892894,0.0014067425053032208,0.012734498964578872,0.00017775751765135067,0.009074211276327132,6.821453857511004e-05,,,,,,,,,,,,,,,,,,,,,,,,,,,,,,,,,,,,0.24870129423957543,0.5186259316167924,0.4813740683832076,0.39910029775663164,2856184.875,529631.0833333334,,,,,,,,,0.667294718915327,0.09949059956044783,,,0.6744618582033991,,,,Low,0.33102851413520434,12185,96430,60657103,526284,622023,38275282,6215377,77324364,297,43264,4676,872930
Uttar Pradesh,09,,240928,24.0,199812341,104480510,95331831,155317278.0,44495063.0,829.3446216296985,912.4365013149343,1000.0,,33448035,5.973814037207268,30791331.0,111442109.0,15240306.0,0.572524972318902,,,,,,,89270984,8588148,97859132,0.4897551948505523,406488,19499830.0,448146,,0.27263529580279783,0.7522237245926758,,,,,,,,,,,,,,0.7973113832843788,0.19260055113412639,0.0017839138374340952,0.0032205217995018636,0.0010323936898372057,0.001067336476479198,6.805385459149393e-05,,,,,,,,,,,,,,,,,,,,,,,,,,,,,,,,,,,,0.22268425852635398,0.5228931780545026,0.47710682194549736,0.41305425223063574,8325514.208333333,1393668.125,,,,,,,,,0.4897551948505523,0.203418092856168,,,0.7522237245926758,,,,High,0.28647851400022606,206285,356448,159312654,992214,213267,114397555,38483967,267995252,915,97814,13598,643500
Bihar,10,,94163,24.0,104099452,54278157,49821295,92341436.0,11758016.0,1105.5239531450782,917.8884795222505,1000.0,,18913565,5.503957186284024,19133964.0,54267617.0,7668502.0,0.5043691584466746,,,,,,,42719222,4885024,47604246,0.45729583667741114,86362,19074836.0,513700,,0.04405946602934887,0.8913284770004206,,,,,,,,,,,,,,0.8268889446219179,0.1686637985375754,0.00124157233796005,0.00022842579421071305,0.0002445065705052895,0.00018169163849200665,0.00012907848928926159,,,,,,,,,,,,,,,,,,,,,,,,,,,,,,,,,,,,0.11294983570134452,0.5214067505369769,0.4785932494630231,0.493894286900418,4337477.166666667,788065.2083333334,,,,,,,,,0.45729583667741114,0.4025102718778489,,,0.8913284770004206,,,,Very High,0.12733195961994787,25453,129247,86078686,302810,18914,52504553,17557809,138748930,199,39073,13437,23779
Sikkim,11,,7096,24.0,610577,323070,287507,456999.0,153578.0,86.04523675310034,889.9216887980933,1000.0,,129006,4.732934902252609,64111.0,402712.0,40657.0,0.728740191654779,,,,,,,460794,46552,507346,0.8309287772058234,6274,23164.0,5004,,0.8527834794077935,0.16441766629465157,,,,,,,,,,,,,,0.5775880847133121,0.016160123948330843,0.09912263318140055,0.0030594011893667794,0.2738655403004044,0.0005142676517458076,0.02669605962884288,,,,,,,,,,,,,,,,,,,,,,,,,,,,,,,,,,,,0.2515292911459161,0.5291224530239429,0.47087754697605705,0.26015614136156856,25440.708333333332,5375.25,,,,,,,,,0.8309287772058234,0.05802351846668743,,,0.16441766629465157,,,,Very Low,0.3360576281348537,167216,60522,352662,18306,314,444952,9867,604878,9,425,16300,1868
Arunachal Pradesh,12,,83743,24.0,1383727,713912,669815,1383727.0,225627.0,16.52349450103292,938.2318829211443,1000.0,,270577,5.113986037246329,212188.0,825218.0,63146.0,0.5535810170647822,,,,,,,957442,39262,996704,0.7203039327844293,7338,40518.0,16614,,0.6554427515347038,0.5003401958610778,,,,,,,,,,,,,,0.2904301209703937,0.01954504031503324,0.30261171459399144,0.0023754685714739974,0.11766410570871277,0.0005571908331628999,0.26201194310727477,,,,,,,,,,,,,,,,,,,,,,,,,,,,,,,,,,,,0.16305745280680364,0.5159341401880573,0.48406585981194267,0.3336500173287543,57655.291666666664,11274.041666666666,,,,,,,,,0.7203039327844293,0.04801425498442868,,,0.5003401958610778,,,,Very Low,0.16305745280680364,162815,418732,401876,20352,771,766005,27045,1592140,27,5258,362553,3287
Nagaland,13,,16579,24.0,1978502,1024649,953853,1407536.0,570966.0,119.3378370227396,930.9070715923209,1000.0,,396002,4.996191938424554,291071.0,1195273.0,102378.0,0.6785103072930935,,,,,,,1482358,181930,1664288,0.8411859073177586,25270,45142.0,21378,,0.4715237583288538,0.3311364744415136,,,,,,,,,,,,,,0.08746718476908287,0.024747510995692702,0.8792768468265385,0.0009552681776414682,0.0034162209590892505,0.0013419243447820625,0.0016244613348887188,,,,,,,,,,,,,,,,,,,,,,,,,,,,,,,,,,,,0.28858500016679284,0.5178913137312977,0.4821086862687023,0.32917082540975995,82437.58333333333,16500.083333333332,,,,,,,,,0.8411859073177586,0.042307581380145745,,,0.3311364744415136,,,,Low,0.40564930488456424,6759,1739651,173054,34764,2655,1342434,48963,2008760,26,1400,3214,1890
Manipur,14,,22327,24.0,2855794,1438586,1417208,2021640.0,834154.0,127.90764545169526,985.1395745544584,1000.0,,557859,5.119203956555331,375357.0,1786309.0,199004.0,0.668282095977511,,,,,,,1948326,140432,2088758,0.7314105989437614,24948,91218.0,34458,,0.38804751285800043,0.36698076302520405,,,,,,,,,,,,,,0.4138519795195312,0.08398224801928991,0.4128599611876767,0.0005347024330186281,0.002480571077605738,0.0005924797096709357,0.08185709473442412,,,,,,,,,,,,,,,,,,,,,,,,,,,,,,,,,,,,0.2920917965371452,0.5037429170311304,0.4962570829688696,0.32153507595830283,118991.41666666667,23244.125,,,,,,,,,0.7314105989437614,0.055614867782672765,,,0.36698076302520405,,,,Low,0.41261253239943807,7084,1179043,1181876,38774,1692,1908476,239836,3102368,51,2515,233767,1527
Mizoram,15,,21081,24.0,1097206,555339,541867,525435.0,571771.0,52.04715146340306,975.740943819901,1000.0,,222853,4.923451782116462,168531.0,671943.0,68510.0,0.7730316822912014,,,,,,,830060,35902,865962,0.789242858679227,70372,52928.0,30648,,0.5871574157420265,0.1782817751281228,,,,,,,,,,,,,,0.027466127600468827,0.013517972012548236,0.8716056966513125,0.0002606620816874862,0.08513533465912508,0.00034268861088984203,0.0007364159510611499,,,,,,,,,,,,,,,,,,,,,,,,,,,,,,,,,,,,0.5211154514284464,0.5061392300078563,0.4938607699921437,0.3527695057467672,45716.916666666664,9285.541666666666,,,,,,,,,0.789242858679227,0.14238500072751462,,,0.1782817751281228,,,,Very Low,1.0881859792362518,93411,956331,30136,46440,376,848175,14832,1221002,23,704,808,286
Tripura,16,,10486,24.0,3673917,1874376,1799541,2712464.0,961453.0,350.3640091550639,960.0747128644413,1000.0,,855556,4.294186470552483,458014.0,2364766.0,287676.0,0.7634312370148808,,,,,,,2154038,187880,2341918,0.6374444496160365,31802,403726.0,15244,,0.3319830418578492,0.3553651541740974,,,,,,,,,,,,,,0.8339608652019085,0.08602317363184851,0.04351813064911374,0.00029124228990475286,0.034128424784773306,0.0002340825881477453,0.00041209423076242604,,,,,,,,,,,,,,,,,,,,,,,,,,,,,,,,,,,,0.26169698444466766,0.5101846340023468,0.4898153659976532,0.31533352560041883,153079.875,35648.166666666664,,,,,,,,,0.6374444496160365,0.1859706445742336,,,0.3553651541740974,,,,Medium,0.3544574232137274,125385,159882,3063903,63908,860,2804783,316042,4408792,42,863,1514,1070
Meghalaya,17,,22429,24.0,2966889,1491832,1475057,2371439.0,595450.0,132.27914753221276,988.7554362689632,1000.0,,548059,5.4134481871477345,568536.0,1644261.0,138279.0,0.6016419893025995,,,,,,,1843150,109366,1952516,0.6581021399856887,37098,229284.0,28180,,0.39262008660614267,0.5442031287444339,,,,,,,,,,,,,,0.11529855009742529,0.04395142521341378,0.7459082560891223,0.0010263275774725646,0.0033246946549061996,0.00021133247654361184,0.0870511165062124,,,,,,,,,,,,,,,,,,,,,,,,,,,,,,,,,,,,0.20069844203810794,0.5028270353221843,0.49717296467781574,0.42986788593781644,123620.375,22835.791666666668,,,,,,,,,0.6581021399856887,0.13643012400410548,,,0.5442031287444339,,,,Low,0.25109226929303263,9864,2213027,342078,146134,627,1785005,130399,3562540,22,6459,258271,3045
Assam,18,,78438,24.0,31205576,15939443,15266133,26807034.0,4398542.0,397.837476733216,957.7582478885868,1000.0,,6406471,4.870946266673181,4638130.0,18859309.0,2067322.0,0.6145689155040753,,,,,,,17374246,1170674,18544920,0.5942822526333115,229860,1806588.0,250916,,0.10461993672352231,0.6715003781040457,,,,,,,,,,,,,,0.6146580662379056,0.3422255368720001,0.037360854995914836,0.0006624457116253838,0.0017622812025645672,0.0008315501050196926,0.0008690113587392202,,,,,,,,,,,,,,,,,,,,,,,,,,,,,,,,,,,,0.14095371929683337,0.51078829629679,0.48921170370321,0.35555130890532627,1300232.3333333333,266936.2916666667,,,,,,,,,0.5942822526333115,0.109811635747148,,,0.6715003781040457,,,,Medium,0.16408163618548774,54993,1165867,19180759,247946,25949,19177977,10679345,38471772,214,25372,27118,20672
West Bengal,19,,88752,24.0,91276115,46809027,44467088,62183113.0,29093002.0,1028.440091490896,949.9682187369542,1000.0,,20380315,4.478641031799557,10581466.0,58683807.0,7683196.0,0.6741991702867721,,,,,,,51373260,4042862,55416122,0.6071262125913225,649236,11738996.0,312314,,0.25419145845188235,0.5699278213774559,,,,,,,,,,,,,,0.7053931469366329,0.2701125590194105,0.007215666442420342,0.0006959432925031921,0.003099365041993735,0.0006588908828996502,0.01032358793973648,,,,,,,,,,,,,,,,,,,,,,,,,,,,,,,,,,,,0.31873619949753557,0.5128288709483307,0.4871711290516692,0.31123853297384063,3803171.4583333335,849179.7916666666,,,,,,,,,0.6071262125913225,0.22354924077870336,,,0.5699278213774559,,,,Very High,0.4678601729057855,282898,658618,64385546,1256768,60141,61538281,24654825,113039520,909,37469,942297,63523
Jharkhand,20,,79716,24.0,32988134,16930315,16057819,25055073.0,7933061.0,413.8207386221085,948.4654597389357,1000.0,,6254781,5.274066989715547,5389495.0,18623604.0,2347814.0,0.5555958090869887,,,,,,,13637190,2652280,16289470,0.49379786077017873,66648,2477548.0,92300,,0.1287103822679119,0.8043034764261138,,,,,,,,,,,,,,0.6783060539283611,0.14532480072986245,0.04300358425850944,0.0021650815411383985,0.0002714915611777253,0.00045392079467119903,0.12840332223702014,,,,,,,,,,,,,,,,,,,,,,,,,,,,,,,,,,,,0.24048225946942012,0.5132243915342408,0.48677560846575924,0.41545712634353693,1374505.5833333333,260615.875,,,,,,,,,0.49379786077017873,0.1561865425946946,,,0.8043034764261138,,,,Medium,0.31662494058588453,8956,1418608,22376051,245660,14974,18328069,4793994,39779720,228,29492,4235786,71422
Odisha,21,,155707,24.0,41974218,21212136,20762082,34970562.0,7003656.0,269.57181115813677,978.7831833625808,1000.0,,9637820,4.3551568715746924,5273194.0,25794177.0,3968159.0,0.6371195527692738,,,,,,,21415086,2473806,23888892,0.5691325089129713,145142,4841080.0,150138,,0.13839315149385395,0.8097789223467137,,,,,,,,,,,,,,0.9362971574598483,0.021719761402106408,0.027676703828049876,0.0005239168481947656,0.00033001210409685296,0.00022442347824085728,0.011395495206128677,,,,,,,,,,,,,,,,,,,,,,,,,,,,,,,,,,,,0.166856140119156,0.5053610766494804,0.4946389233505196,0.35827283809055044,1748925.75,401575.8333333333,,,,,,,,,0.5691325089129713,0.2087255449101616,,,0.8097789223467137,,,,Medium,0.20027290382121968,13852,1161708,39300341,570578,9420,26742595,911670,48865258,223,47675,478317,21991
Chhattisgarh,22,,135192,24.0,25545198,12832895,12712303,19607961.0,5937237.0,188.9549529557962,990.6028998133313,1000.0,,5650724,4.520694693281781,3661689.0,15334338.0,1996904.0,0.6020670499402666,,,,,,,16483428,1521102,18004530,0.7048107436865434,163432,5011998.0,57276,,0.2065175133606623,0.774380252007434,,,,,,,,,,,,,,0.9324566206141757,0.020160266520541356,0.019202904592871037,0.0027416503093849577,0.0027585223649470247,0.002407888950400776,0.01936152540293483,,,,,,,,,,,,,,,,,,,,,,,,,,,,,,,,,,,,0.2324208643832003,0.5023603653414626,0.4976396346585374,0.3690144954415378,1064383.25,235446.83333333334,,,,,,,,,0.7048107436865434,0.2874515469162483,,,0.774380252007434,,,,Low,0.30279726688562875,70467,490542,23819789,584630,61510,15379922,514998,26729946,182,19567,494594,70036
Madhya Pradesh,23,,308252,24.0,72626809,37612306,35014503,52557404.0,20069405.0,235.60855728429985,930.9320997228939,1000.0,,15093256,4.811871540507893,10809395.0,42528389.0,5681144.0,0.5900186114469107,,,,,,,45404238,3124976,48529214,0.6681997277341484,280464,13261642.0,172358,,0.23362921917258997,0.7295720214808028,,,,,,,,,,,,,,0.9088533822269405,0.06574287189183818,0.0029366841657603323,0.002084794886141838,0.0029748243517073703,0.007807419984540419,0.008255821896291768,,,,,,,,,,,,,,,,,,,,,,,,,,,,,,,,,,,,0.2763360427965381,0.5178846009880456,0.4821153990119544,0.3877536720236452,3026117.0416666665,628885.6666666666,,,,,,,,,0.6681997277341484,0.2790505941431485,,,0.7295720214808028,,,,Low,0.3818568550303588,216052,213282,66007121,888576,567028,42851169,4774695,82105352,476,51929,599594,151412
Gujarat,24,,196244,24.0,60439692,31491260,28948432,34694609.0,25745083.0,307.98236888771123,919.2528974705998,1000.0,,12248428,4.93448563358498,7777262.0,37968676.0,4759458.0,0.6799068069374014,,,,,,,40730748,943686,41674434,0.689520952555483,769272,8983502.0,487266,,0.6902799752875579,0.43501696558728414,,,,,,,,,,,,,,0.885742237071625,0.09673710779333554,0.005231297340165135,0.0009637044477327912,0.0005043539930679991,0.009590618032931075,0.00027266849738413626,,,,,,,,,,,,,,,,,,,,,,,,,,,,,,,,,,,,0.42596317333979794,0.5210360767556526,0.47896392324434744,0.3301858616297287,2518320.5,510351.1666666667,,,,,,,,,0.689520952555483,0.2340229503776824,,,0.43501696558728414,,,,Medium,0.7420485124936845,30483,316178,53533988,563764,579654,41093358,5846761,71343890,348,17843,16480,58246
Daman and Diu,25,,111,24.0,243247,150301,92946,60396.0,182851.0,2191.4144144144143,618.3990791811099,1000.0,,60956,3.9905341557845,26934.0,176545.0,11304.0,0.7745460375667531,,,,,,,232870,2522,235392,0.9677077209585319,1448,982.0,608,,0.7519583975091503,0.22038389559629684,,,,,,,,,,,,,,0.9050471331609434,0.07924866493728597,0.011593154283506065,0.0007071001903415047,0.0008920973331634101,0.0011798706664419294,0.0003247727618429004,,,,,,,,,,,,,,,,,,,,,,,,,,,,,,,,,,,,0.7517091680472935,0.617894568072782,0.382105431927218,0.21659067093375628,10135.291666666666,2539.8333333333335,,,,,,,,,0.9677077209585319,0.010323205546492659,,,0.22038389559629684,,,,Very High,3.027534936088483,217,2820,220150,2784,287,188406,19277,243952,8,19,79,172
Dadra and Nagar Haveli,26,,491,24.0,343709,193760,149949,183114.0,160595.0,700.0183299389003,773.8903798513626,1000.0,,76458,4.495396165214889,50895.0,221632.0,13823.0,0.6494738281511395,,,,,,,260598,7894,268492,0.7811608075435906,1872,12368.0,540,,0.46536550648070846,0.45685230554453005,,,,,,,,,,,,,,0.9393324003735718,0.03759575687572918,0.014875956114038328,0.0006313480298741086,0.0018445836448856446,0.003450593379864944,0.000852465312226331,,,,,,,,,,,,,,,,,,,,,,,,,,,,,,,,,,,,0.4672411836757257,0.5637326924811396,0.43626730751886045,0.2920065694484551,14321.208333333334,3185.75,,,,,,,,,0.7811608075435906,0.053036961995143246,,,0.45685230554453005,,,,High,0.8770219644592986,634,5113,322857,5126,1186,223230,12922,373096,6,65,293,217
Maharashtra,27,,307713,24.0,112374333,58243056,54131277,61556074.0,50818259.0,365.1920230864474,929.403103436056,1000.0,,24421519,4.6014473137399845,13326517.0,70942487.0,11048985.0,0.725737700262924,,,,,,,87525780,1673480,89199260,0.7937689828156755,838180,22137856.0,492486,,0.6789306848595377,0.49342638744000356,,,,,,,,,,,,,,0.7982521862888388,0.11542806665646684,0.009611385190602199,0.001986636930694841,0.05812003351334686,0.012461466623343607,0.0015925789744175834,,,,,,,,,,,,,,,,,,,,,,,,,,,,,,,,,,,,0.45222300896771506,0.5182950095908467,0.4817049904091533,0.34359525625313925,4682263.875,1017563.2916666666,,,,,,,,,0.7937689828156755,0.2575810158066334,,,0.49342638744000356,,,,Medium,0.8255604312906636,6531200,1080073,89703057,1673402,1400349,81554290,12971152,125892910,534,40959,178965,223247
Andhra Pradesh,28,,275045,24.0,84580777,42442146,42138631,56361702.0,28219075.0,307.5161409951099,992.8487357825875,1000.0,,21022588,4.023328478872345,9142802.0,53740313.0,8250256.0,0.5977334542575791,,,,,,,66074756,1676208,67750964,0.8010208276994192,344434,26403978.0,879918,,0.698782194173721,0.5136828240759106,,,,,,,,,,,,,,0.8846472171803292,0.09555849788421783,0.013357455914598656,0.00047580551311322193,0.0004338101552318442,0.0006366576651335327,0.00011287434732362414,,,,,,,,,,,,,,,,,,,,,,,,,,,,,,,,,,,,0.3336346153452811,0.5017942315663523,0.4982057684336478,0.3236501060200375,3524199.0416666665,875941.1666666666,,,,,,,,,0.8010208276994192,0.394804891632243,,,0.5136828240759106,,,,Medium,0.5006781910170136,36692,1129784,74824149,1626482,53849,50556760,8082412,90315742,353,26286,9547,40244
Karnataka,29,,191791,24.0,61095297,30966657,30128640,37469335.0,23625962.0,318.5514283777654,972.9380862777665,1000.0,,13357027,4.574019128657897,7161033.0,39233540.0,5768275.0,0.665310162908284,,,,,,,46794362,1087538,47881900,0.7837248094562826,151552,10239842.0,367864,,0.6606238843342721,0.5012723530530669,,,,,,,,,,,,,,0.8399578121373238,0.12919267746582852,0.018702699816648734,0.0004709527805389014,0.0015665690273999322,0.0072064466762474366,0.00018435134213358519,,,,,,,,,,,,,,,,,,,,,,,,,,,,,,,,,,,,0.38670672146826623,0.5068582774873818,0.4931417225126183,0.32954732099117234,2545637.375,556542.7916666666,,,,,,,,,0.7837248094562826,0.21702133791683287,,,0.5012723530530669,,,,Medium,0.6305412679461752,95710,1142647,51317472,1005332,440280,40647322,7893065,66445400,347,27397,11263,28773
Goa,30,,3702,24.0,1458545,739140,719405,551731.0,906814.0,393.9883846569422,973.3000514110994,1000.0,,343611,4.244756425143549,144611.0,974796.0,163101.0,0.799075105670377,,,,,,,952106,40698,992804,0.6806810897161212,5302,21516.0,8070,,0.8540362376979861,0.21624593805082198,,,,,,,,,,,,,,0.6608483111594089,0.0833460743412099,0.25102413706810556,0.0010099105615527803,0.0007507481771217206,0.0007603467839525006,0.00017688861159580267,,,,,,,,,,,,,,,,,,,,,,,,,,,,,,,,,,,,0.6217250753319232,0.5067653037787658,0.49323469622123417,0.3156680987611767,60772.708333333336,14317.125,,,,,,,,,0.6806810897161212,0.027012381094354977,,,0.21624593805082198,,,,Medium,1.6435799329745837,1095,366130,963877,12418,1109,1165487,121564,1762594,70,320,258,1473
Lakshadweep,31,,30,24.0,64473,33123,31350,14141.0,50332.0,2149.1,946.4722398333483,1000.0,,11574,5.570502851218248,7255.0,42631.0,5256.0,0.8151164053169544,,,,,,,21608,5174,26782,0.415398694026957,1480,,1094,,0.20256002989815938,0.024665981500513873,,,,,,,,,,,,,,0.027732539202456843,0.9657996370573728,0.004916786872023948,0.00012408294945170847,0.0001551036868146356,0.00017061405549609915,0.00010857258077024491,,,,,,,,,,,,,,,,,,,,,,,,,,,,,,,,,,,,0.7806678764754238,0.5137499418361174,0.48625005816388256,0.29347188665525087,2686.375,482.25,,,,,,,,,0.415398694026957,,,,0.024665981500513873,,,,Very High,3.5592956650873346,10,317,1788,1192,11,52553,62268,91440,6,6,7,8
Kerala,32,,38852,24.0,33406061,16027412,17378649,17471135.0,15934926.0,859.8286059919695,1084.3078720382305,1000.0,,7853754,4.253515070627372,3472955.0,21347208.0,4187962.0,0.842237101824127,,,,,,,18659494,922226,19581720,0.5861726708814906,226520,1838272.0,324932,,0.293365014896901,0.08365773025399248,,,,,,,,,,,,,,0.5472806865796,0.26562461225224965,0.18383696898595736,0.00011417089850850718,0.00014224963547782542,0.0001343768126388801,0.00022804245014100886,,,,,,,,,,,,,,,,,,,,,,,,,,,,,,,,,,,,0.4770070317479214,0.47977557126534615,0.5202244287346539,0.35887208294405526,1391919.2083333333,327239.75,,,,,,,,,0.5861726708814906,0.10544487409686176,,,0.08365773025399248,,,,High,0.9120715969511998,4752,6141269,18282492,882940,4489,28135824,8873472,43573996,520,1017,7618,3814
Tamil Nadu,33,,130060,24.0,72147030,36137975,36009055,37229590.0,34917440.0,554.7211287098262,996.4325615920649,1000.0,,18524982,3.894580302426205,7423832.0,47562964.0,7497104.0,0.7184981419193556,,,,,,,55884362,1446310,57330672,0.7946366191373366,251508,14468202.0,534978,,0.797739880321222,0.5254757164101471,,,,,,,,,,,,,,0.875824936937806,0.05862305073403576,0.06124064982300727,0.0002023783931230433,0.0001550444973271942,0.0012372650682917926,0.00010276237289324314,,,,,,,,,,,,,,,,,,,,,,,,,,,,,,,,,,,,0.48397612486612407,0.5008934532717424,0.49910654672825755,0.3137091288087092,3006126.25,771874.25,,,,,,,,,0.7946366191373366,0.25675104593227166,,,0.5254757164101471,,,,High,0.9378948304292365,11186,4418331,63188168,1591662,89265,51837507,4229479,78524698,1097,15049,7414,14601
Puducherry,34,,490,24.0,1247953,612511,635442,395200.0,852753.0,2546.842857142857,1037.437694996498,1000.0,,302450,4.1261464704909905,132858.0,828024.0,120264.0,0.7671034085418281,,,,,,,799378,18904,818282,0.6556993732937058,5706,101214.0,1676,,0.9527011776576959,0.3184189912239939,,,,,,,,,,,,,,0.8729567539803181,0.060543946767226006,0.06294307558057075,0.0002379897319850988,0.00036139181523663153,0.0011218371204684793,0.0001346204544562175,,,,,,,,,,,,,,,,,,,,,,,,,,,,,,,,,,,,0.6833214071363265,0.4908125546394776,0.5091874453605224,0.30569403785397525,51998.041666666664,12602.083333333334,,,,,,,,,0.6556993732937058,0.13066400091899857,,,0.3184189912239939,,,,Very High,2.157775809716599,451,78550,1089409,29870,1400,957309,75556,1605970,10,90,168,297
Andaman and Nicobar Islands,35,,8249,24.0,380581,202871,177710,237093.0,143488.0,46.136622620923745,875.9753735132177,1000.0,,94551,4.025139871603685,40878.0,262114.0,25322.0,0.7732414387475991,,,,,,,251820,11052,262872,0.6907123582102102,1652,5360.0,3586,,0.850057830705963,0.31923620630568883,,,,,,,,,,,,,,0.694454005848952,0.0851671523276254,0.21279044408417655,0.003379044145661502,0.0008881158018923699,8.145440786586823e-05,0.0014819447108499898,,,,,,,,,,,,,,,,,,,,,,,,,,,,,,,,,,,,0.3770235508341194,0.5330560380050502,0.4669439619949498,0.25256186239575146,15857.541666666666,3939.625,,,,,,,,,0.6907123582102102,0.026674579262911228,,,0.31923620630568883,,,,Very Low,0.6051971167432189,338,80984,264296,6778,31,294281,32413,456092,5,396,564,1286
